clientCode,family,consumo2020,consumo2021,consumo2022,consumo2023,fDato,ventas2020,ventas2021,ventas2022,ventas2023,"competidores","comentarios"
10007,GLICOLES,3.000,10.000,3.000,7.000,01/03/2024,3.000,10.000,3.000,7.000,"",""
10007,POLIOLES,3700.000,4000.000,3650.000,4000.000,01/03/2024,2564.700,3183.820,2702.360,2751.040,"Covestro, Dow",""
10132,POLIOLES,2200.000,2200.000,1500.000,2300.000,01/03/2024,94.220,47.360,47.060,29.020,"Dow",""
10364,POLIOLES,1100.000,950.000,950.000,950.000,01/03/2024,1.000,1.000,143.460,191.380,"DOW",""
10411,ESTIRENO,662.000,737.000,609.840,662.120,01/03/2024,662.120,736.700,609.840,160.520,"",""
10411,POLIOLES,2589.000,1967.000,1421.000,2588.896,01/03/2024,2588.896,1966.710,1421.380,446.980,"",""
10466,POLIOLES,145.000,145.000,145.000,145.000,01/03/2024,144.900,85.820,96.100,71.560,"",""
10736,GLICOLES,1150.000,1150.000,1150.000,1175.000,01/03/2024,1058.920,736.880,815.480,656.560,"DOW, bashf",""
10992,ESTIRENO,6303.000,8997.000,8355.000,2468.000,01/03/2024,6302.700,8996.500,8354.770,2468.240,"100% cuota",""
10992,GLICOLES,5193.000,6169.000,4758.000,2420.080,01/03/2024,5192.800,6169.410,4758.420,2420.080,"Exclusivos",""
10992,POLIOLES,235.440,516.120,488.560,439.000,01/03/2024,235.440,516.120,488.560,439.135,"Exclusivos",""
10992A,GLICOLES,323.000,516.000,489.000,95.480,01/03/2024,,47.480,163.060,95.480,"",""
11283,POLIOLES,200.000,200.000,200.000,200.000,01/03/2024,62.380,71.680,23.980,,"DOW",""
11322,GLICOLES,3000.000,3000.000,3000.000,3000.000,01/03/2024,,1771.020,1671.320,1890.280,"LYONDELLBASELL",""
11322,OP,4000.000,1771.000,2000.000,2000.000,01/03/2024,1680.280,1317.380,820.920,,"LYONDELLBASELL",""
11335,POLIOLES,3300.000,4000.000,2500.000,2400.000,01/03/2024,,,1149.080,1767.306,"",""
11369,POLIOLES,6600.000,8270.000,7200.000,7200.000,01/03/2024,3908.300,2580.800,,,"DOW a través de QD, Covestro, Rokita",""
11404,POLIOLES,3940.000,4160.000,3950.000,3950.000,01/03/2024,19.900,87.420,100.600,120.680,"DOW, SHELL",""
11420,ESTIRENO,1693.000,2200.000,2300.000,2300.000,01/03/2024,1692.660,2075.220,2146.840,1358.840,"HELM, QUIMIDROGA competidores de 2019",""
11420,GLICOLES,600.000,800.000,850.000,850.000,01/03/2024,429.870,621.940,644.060,456.220,"QUIMIDROGA, BASF",""
11483,GLICOLES,,,,1.000,01/03/2024,,,,1.000,"Dow, covestro",""
11483,POLIOLES,3300.000,3000.000,3000.000,3000.000,01/03/2024,,45.860,68.760,39.780,"",""
11487,GLICOLES,400.000,533.320,500.000,500.000,01/03/2024,,533.320,309.560,215.040,"",""
11565,POLIOLES,800.000,650.000,900.000,1300.000,01/03/2024,179.075,43.890,262.760,1058.814,"COVESTRO",""
11599,POLIOLES,1000.000,1000.000,1000.000,1000.000,01/03/2024,326.780,303.300,166.860,216.420,"Dow, prod asiatico",""
11604,ESTIRENO,20.000,99.540,209.460,287.000,01/03/2024,,99.540,209.460,286.680,"",""
11604,GLICOLES,200.000,200.000,209.000,24.000,01/03/2024,19.860,39.840,19.840,19.960,"",""
11624,POLIOLES,1821.760,1937.620,1948.000,1958.000,01/03/2024,1821.760,1937.620,1769.300,1408.480,"",""
11634,POLIOLES,500.000,400.000,400.000,300.000,01/03/2024,266.800,59.890,165.800,299.784,"COVESTRO",""
12031,ESTIRENO,263.000,238.640,177.220,177.000,01/03/2024,262.560,238.640,177.220,,"",""
12122,ESTIRENO,20340.000,20691.888,19348.000,15962.000,01/03/2024,20340.068,20691.888,19347.582,15961.593,"100% cuota",""
12122,GLICOLES,9000.000,9500.000,8500.000,7000.000,01/03/2024,,11.853,1780.260,448.520,"DOW",""
12140,ESTIRENO,55323.000,64533.487,49726.000,38701.000,01/03/2024,55322.620,64533.487,49725.720,38700.999,"100% cuota",""
12196,POLIOLES,250.000,150.000,250.000,200.000,01/03/2024,169.560,26.600,95.460,199.688,"BASF",""
12207,ESTIRENO,220.000,215.000,71.360,240.000,01/03/2024,190.540,214.840,71.360,71.600,"TRADERS",""
12274,GLICOLES,73.100,42.720,,,01/03/2024,73.100,42.720,,,"",""
12329,GLICOLES,50.000,24.000,44.000,48.000,01/03/2024,47.780,23.900,43.720,47.780,"",""
12347,ESTIRENO,10397.000,13740.180,11276.000,11266.000,01/03/2024,10396.960,13740.180,11276.000,11266.284,"",""
12347,GLICOLES,1297.960,1600.000,1600.000,1600.000,01/03/2024,1297.960,1426.260,1314.120,905.020,"",""
12347,POLIOLES,200.000,200.000,12.000,12.000,01/03/2024,69.060,,12.000,,"",""
12465,GLICOLES,3000.000,2000.000,2000.000,1400.000,01/03/2024,341.680,764.620,,,"PRODUCTO CHINO",""
12467BR,POLIOLES,1500.000,1800.000,1700.000,1700.000,01/03/2024,220.548,,,,"shell",""
12467IB,POLIOLES,4000.000,3300.000,3300.000,3000.000,01/03/2024,1847.474,,456.700,1293.460,"dow, covestro",""
12467,POLIOLES,5700.000,5700.000,8144.000,7500.000,01/03/2024,3267.133,3000.767,2702.625,1971.820,"Dow, Covestro, Shell",""
12484,ESTIRENO,400.000,800.000,600.000,400.000,01/03/2024,239.780,342.140,377.680,258.180,"Shell",""
12484,POLIOLES,3500.000,4000.000,4000.000,3000.000,01/03/2024,863.180,1215.540,1001.540,974.880,"Dow, Jayhua",""
12515,POLIOLES,900.000,1250.000,1250.000,1250.000,01/03/2024,73.040,,50.380,53.860,"COVESTRO",""
12536,ESTIRENO,713.000,940.000,895.000,913.000,01/03/2024,713.020,895.140,894.800,913.260,"",""
12537,GLICOLES,70.400,70.400,123.200,,01/03/2024,70.400,70.400,123.200,,"",""
12547,POLIOLES,4800.000,5500.000,6000.000,6600.000,01/03/2024,813.900,506.100,259.980,288.200,"DOW, CHIMCOMPLEX, SHELL",""
12590,GLICOLES,398.220,508.680,429.840,239.400,01/03/2024,398.220,508.680,429.840,239.400,"",""
12603,GLICOLES,267.440,329.800,348.219,502.380,01/03/2024,267.440,329.800,348.219,502.380,"",""
12608,GLICOLES,118.960,139.200,119.100,160.000,01/03/2024,118.960,139.200,119.100,139.000,"",""
12633,POLIOLES,2333.000,2667.000,2133.000,2133.000,01/03/2024,241.380,837.800,383.840,71.340,"",""
12720,ESTIRENO,11988.000,12854.340,11311.819,9841.283,01/03/2024,11988.030,12854.340,9237.740,5144.480,"Repsol unico suministrador",""
12720,GLICOLES,5800.000,5916.000,5679.360,5622.566,01/03/2024,333.180,,191.140,339.280,"Dow, Lyondell",""
12774,ESTIRENO,700.000,,,,01/03/2024,597.020,,,,"QUIMIDROGA",""
12776,POLIOLES,5200.000,6000.000,6667.000,6667.000,01/03/2024,3576.790,4022.960,4006.160,3631.880,"DOW, Covestro",""
12779,GLICOLES,200.000,138.000,132.000,132.000,01/03/2024,142.340,109.540,131.660,131.380,"DOW (UNIVAR)",""
12819,GLICOLES,450.000,450.000,450.000,700.000,01/03/2024,310.300,383.220,369.140,432.040,"DOW, BASF, INEOS",""
12825,GLICOLES,150.000,150.000,150.000,150.000,01/03/2024,71.740,47.900,,,"DOW",""
12838,ESTIRENO,1813.000,2333.240,1767.000,1072.000,01/03/2024,1813.420,2333.240,1766.720,1072.160,"",""
12848,POLIOLES,700.000,700.000,700.000,700.000,01/03/2024,23.260,317.200,237.400,267.580,"Dow",""
12851,GLICOLES,120.000,225.000,300.000,190.000,01/03/2024,119.500,220.760,262.480,167.360,"",""
12855,POLIOLES,,,225.600,203.040,01/03/2024,,,225.600,111.640,"",""
12891,ESTIRENO,2000.000,2315.500,1670.000,2122.000,01/03/2024,1932.480,2315.500,1669.840,2122.160,"",""
12894,GLICOLES,75.000,93.000,162.000,174.000,01/03/2024,38.000,93.000,162.000,174.000,"",""
12896,GLICOLES,44.000,40.000,44.000,44.000,01/03/2024,44.000,22.000,44.000,44.000,"Interchimie",""
12920,GLICOLES,1000.000,1000.000,1000.000,800.000,01/03/2024,415.900,668.040,343.220,206.240,"Todos",""
12929,ESTIRENO,7000.000,10500.000,9500.000,9000.000,01/03/2024,,387.560,1830.080,,"Versalis, Traders",""
12932,POLIOLES,3.300,,,,01/03/2024,3.300,,,,"",""
12940,POLIOLES,2000.000,1600.000,2100.000,2700.000,01/03/2024,,,3.000,576.250,"Dow",""
12941,POLIOLES,1.000,1.000,1.000,1.000,01/03/2024,0.660,,,,"",""
12947,POLIOLES,11500.000,10500.000,9500.000,8500.000,01/03/2024,44.180,,,,"DOW, COVESTRO BASF KOREANOS",""
12970,GLICOLES,80.000,80.000,0.000,,01/03/2024,58.080,,,,"SHELL, DOW",""
12973,GLICOLES,,35.200,35.200,100.000,01/03/2024,,35.200,35.200,,"",""
12975,GLICOLES,1500.000,1500.000,1500.000,1200.000,01/03/2024,235.680,24.780,,122.700,"DOW INEOS ",""
12977,ESTIRENO,83.460,20.820,,,01/03/2024,83.460,20.820,,,"","distribuidor- no relevante- otro nombre del cliente SHANGHAI MINGDOU"
12992,POLIOLES,10500.000,10000.000,9000.000,9000.000,01/03/2024,493.600,45.080,,488.900,"DOW, COVESTRO BASF KOREANOS",""
13024,POLIOLES,800.000,850.000,800.000,750.000,01/03/2024,160.820,325.360,254.060,260.280,"CHIMCOMPLEX, ROKITA",""
13040,GLICOLES,2000.000,2000.000,2000.000,2000.000,01/03/2024,843.520,915.790,1158.600,1199.090,"dOW INEOS Lyondell",""
13041,GLICOLES,1000.000,800.000,800.000,800.000,01/03/2024,229.620,466.560,267.180,179.940,"BASF INEOS",""
13058,POLIOLES,600.000,500.000,400.000,350.000,01/03/2024,88.540,,,,"DOW, BASF COVESTRO, SHELL",""
13061,POLIOLES,2500.000,2200.000,2000.000,1700.000,01/03/2024,132.680,,,,"DOW, BASF COVESTRO, SHELL",""
13063,POLIOLES,450.000,400.000,350.000,300.000,01/03/2024,22.120,,,,"DOW, BASF COVESTRO, SHELL",""
13081,GLICOLES,2000.000,2000.000,2000.000,2000.000,01/03/2024,23.920,580.800,1187.460,1146.020,"Ineos",""
13091,GLICOLES,300.000,300.000,300.000,300.000,01/03/2024,137.880,134.560,246.880,157.180,"Oleon, China",""
13108,GLICOLES,9.000,1.000,9.000,9.000,01/03/2024,9.000,,,,"",""
13116,POLIOLES,350.000,352.000,350.000,350.000,01/03/2024,209.800,351.580,325.140,227.860,"",""
13117,GLICOLES,900.000,24.380,,,01/03/2024,483.500,24.380,,,"Ineos",""
13124,GLICOLES,22.360,44.300,300.000,200.000,01/03/2024,22.360,44.300,,,"",""
13134,POLIOLES,1300.000,1100.000,900.000,900.000,01/03/2024,168.440,,,,"DOW, COVESTRO, BASF",""
13165,GLICOLES,1000.000,1000.000,1000.000,1000.000,01/03/2024,48.260,48.280,168.800,218.020,"Todos",""
13166,GLICOLES,1500.000,1500.000,1500.000,1500.000,01/03/2024,,70.320,,,"Todos",""
13171,GLICOLES,500.000,500.000,500.000,500.000,01/03/2024,46.340,110.000,22.000,22.000,"Ineos, BASF",""
13178,OP,1800.000,1800.000,1800.000,1800.000,01/03/2024,16.820,16.820,,,"Lyondell Dow SKC",""
13189,GLICOLES,200.000,200.000,200.000,300.000,01/03/2024,48.020,123.360,123.600,121.920,"Ineos",""
13193,OP,1200.000,,,,01/03/2024,1199.921,,,,"","no relevante - co productor"
13219,GLICOLES,25.000,,500.000,500.000,01/03/2024,24.900,,,,"",""
13235,GLICOLES,800.000,1200.000,1200.000,800.000,01/03/2024,,176.000,66.000,,"",""
13235,POLIOLES,100.000,200.000,200.000,500.000,01/03/2024,,10.000,,25.000,"PCC Rokita",""
13244,GLICOLES,4.000,4.000,4.000,4.000,01/03/2024,3.660,,,,"",""
13247,POLIOLES,500.000,500.000,500.000,125.000,01/03/2024,2.000,59.960,95.640,24.040,"Basf, Covestro",""
13253,POLIOLES,3500.000,3500.000,3500.000,3500.000,01/03/2024,2.000,23.760,368.880,480.780,"",""
13254,POLIOLES,600.000,600.000,600.000,,01/03/2024,,109.740,0.660,,"Dow",""
13258,GLICOLES,150.000,150.000,150.000,200.000,01/03/2024,22.080,44.580,22.060,88.960,"",""
13270,POLIOLES,100.000,3500.000,3300.000,3300.000,01/03/2024,79.280,967.740,528.660,198.960,"DOW",""
13276,GLICOLES,500.000,500.000,500.000,500.000,01/03/2024,24.540,48.720,74.040,," Todos",""
13282,GLICOLES,600.000,42.000,51.000,60.000,01/03/2024,,42.000,51.000,10.000,"",""
13290,GLICOLES,,,3.000,3.000,01/03/2024,,,,,"",""
13296,GLICOLES,,18.000,,,01/03/2024,,17.600,,,"","empresa Rusa. No more contact"
13300,ESTIRENO,,1000.000,1100.000,1100.000,01/03/2024,,903.800,545.020,644.800,"QUIMIDROGA",""
13302,GLICOLES,,18.000,,,01/03/2024,,17.600,,,"","distribuidor- no relevante"
13307,OP,,1200.000,,,01/03/2024,,1199.953,,,"","no relevante - co productor"
13312,POLIOLES,,25.000,6.000,16.000,01/03/2024,,25.000,6.000,16.000,"",""
13316,POLIOLES,,99.060,104.000,3000.000,01/03/2024,,99.060,103.940,,"",""
13321,ESTIRENO,,83.720,,,01/03/2024,,83.720,,,"","distribuidor- no relevante"
13338,POLIOLES,,20.140,,,01/03/2024,,20.140,,,"",""
13340,GLICOLES,150.000,150.000,150.000,150.000,01/03/2024,,1.000,,48.880,"",""
13341,GLICOLES,800.000,800.000,800.000,800.000,01/03/2024,,198.000,348.000,264.000,"",""
13345,GLICOLES,46.000,46.000,65.000,63.000,01/03/2024,,46.000,65.000,63.000,"",""
13346,GLICOLES,,2000.000,2000.000,2000.000,01/03/2024,,98.020,48.900,,"",""
13348,GLICOLES,100.000,150.000,150.000,150.000,01/03/2024,,88.000,27.000,,"",""
13365,GLICOLES,,118.360,274.660,137.500,01/03/2024,,118.360,274.660,137.500,"",""
13371,GLICOLES,,,49.180,500.000,01/03/2024,,,49.180,171.320,"",""
13371,POLIOLES,,,49.180,20.000,01/03/2024,,,,4.000,"",""
13372,POLIOLES,,4000.000,4000.000,4000.000,01/03/2024,,287.380,143.460,216.880,"",""
13381,GLICOLES,400.000,400.000,400.000,700.000,01/03/2024,,17.600,,,"",""
13382,GLICOLES,150.000,150.000,250.000,250.000,01/03/2024,,98.880,122.300,121.480,"",""
13387,POLIOLES,,4.000,45.000,40.000,01/03/2024,,4.000,45.000,15.000,"",""
13393,POLIOLES,150.000,150.000,150.000,150.000,01/03/2024,,1.100,,,"Dow",""
13397,GLICOLES,400.000,400.000,316.000,1200.000,01/03/2024,,48.400,315.880,485.780,"",""
13406,POLIOLES,4200.000,4600.000,4600.000,4600.000,01/03/2024,,149.660,719.880,519.320,"Dow",""
13408,POLIOLES,3900.000,3900.000,3900.000,3900.000,01/03/2024,,498.140,1069.680,715.780,"Rokita",""
13409,POLIOLES,4000.000,4500.000,4500.000,4500.000,01/03/2024,,275.140,1075.960,640.600,"Covestro",""
13410,POLIOLES,3500.000,4000.000,3100.000,2400.000,01/03/2024,,,199.460,1616.030,"Covestro",""
13411,POLIOLES,,,,600.000,01/03/2024,,,,2.000,"",""
13412,POLIOLES,,,3.000,3500.000,01/03/2024,,,3.000,,"",""
13419,POLIOLES,,924.500,50000.000,50000.000,01/03/2024,,924.500,219.480,,"",""
13422,POLIOLES,6000.000,8270.000,7200.000,7200.000,01/03/2024,,3080.840,3702.360,2792.380,"",""
13424,POLIOLES,150.000,150.000,150.000,150.000,01/03/2024,,13.860,62.000,27.000,"Dow",""
13436,GLICOLES,,4.000,,,01/03/2024,,3.520,,,"Dow",""
13440,GLICOLES,,600.000,600.000,800.000,01/03/2024,,129.180,245.040,385.760,"",""
13442,POLIOLES,,47.000,602.406,1000.000,01/03/2024,,47.000,602.406,871.203,"","ojo que ya lo habia puesto en lo otra tabla"
13444,GLICOLES,,,47.200,150.000,01/03/2024,,,47.200,9.860,"",""
13444,POLIOLES,,12.000,124.000,25.000,01/03/2024,,12.000,123.580,25.000,"",""
13448,GLICOLES,80.000,80.000,80.000,80.000,01/03/2024,,34.100,39.800,25.700,"",""
13459,POLIOLES,,2.160,,,01/03/2024,,2.160,,,"",""
13469,POLIOLES,,1.000,,,01/03/2024,,1.000,,,"",""
13471,GLICOLES,,,39.780,24.000,01/03/2024,,,39.780,23.780,"",""
13472,GLICOLES,,,24.980,1500.000,01/03/2024,,,24.980,,"",""
13478,POLIOLES,,23.000,,,01/03/2024,,22.900,,,"","empresa Rusa. No more contact"
13483,GLICOLES,,,327.460,700.000,01/03/2024,,,327.460,331.240,"",""
13488,POLIOLES,,,6.000,250.000,01/03/2024,,,6.000,,"",""
13490,GLICOLES,,,39.620,,01/03/2024,,,39.620,,"","empresa cerrada"
13498,POLIOLES,,,578.140,713.080,01/03/2024,,,578.140,713.080,"",""
13510,GLICOLES,250.000,250.000,250.000,40.000,01/03/2024,,19.980,46.980,39.840,"",""
13513,POLIOLES,600.000,645.000,599.850,539.865,01/03/2024,,20.420,46.660,,"",""
13515,GLICOLES,,,24.980,,01/03/2024,,,24.980,,"",""
13519,POLIOLES,7000.000,7000.000,7000.000,6500.000,01/03/2024,1564.440,2056.460,2027.000,1640.020,"",""
13521,POLIOLES,,,103.100,4000.000,01/03/2024,,,103.100,77.860,"",""
13523,POLIOLES,,20.000,,,01/03/2024,,19.920,,,"",""
13527,GLICOLES,,,,100.000,01/03/2024,,,,45.000,"",""
13527,POLIOLES,,,10.000,100.000,01/03/2024,,,10.000,20.000,"",""
13538,POLIOLES,,,213.140,1500.000,01/03/2024,,,213.140,,"",""
13541,POLIOLES,,,17.600,3000.000,01/03/2024,,,17.600,17.600,"",""
13542,POLIOLES,1600.000,1800.000,1800.000,1800.000,01/03/2024,,,115.020,217.040,"Basf, Oltchim",""
13544,POLIOLES,,,,10.000,01/03/2024,,,,,"",""
13548,GLICOLES,,,10.000,10.000,01/03/2024,,,10.000,,"",""
13553,POLIOLES,,,81.910,153.000,01/03/2024,,,81.910,153.180,"",""
13560,GLICOLES,,,22.900,300.000,01/03/2024,,,22.900,,"",""
13566,POLIOLES,,,135.980,,01/03/2024,,,135.980,,"",""
13569,POLIOLES,,,35.000,144.000,01/03/2024,,,35.000,78.000,"",""
13584,GLICOLES,,,96.820,120.000,01/03/2024,,,96.820,73.660,"",""
13586_01OB,POLIOLES,,,1.000,,01/03/2024,,,1.000,,"",""
13586_02KE,POLIOLES,,,117.640,,01/03/2024,,,117.640,,"",""
13597,GLICOLES,,,,17.000,01/03/2024,,,,16.960,"",""
13597,POLIOLES,,,1073.200,951.000,01/03/2024,,,1073.200,951.100,"",""
13603,POLIOLES,,,7.040,7.000,01/03/2024,,,7.040,5.720,"",""
13606,POLIOLES,,,27.000,,01/03/2024,,,27.000,,"",""
13608,POLIOLES,,,342.220,666.000,01/03/2024,,,342.220,665.560,"",""
13610,POLIOLES,,,18.000,20.000,01/03/2024,,,18.000,10.000,"",""
13617,GLICOLES,,,42.000,50.000,01/03/2024,,,42.000,22.000,"",""
13618,POLIOLES,,,48.960,600.000,01/03/2024,,,48.960,,"",""
13621,POLIOLES,,,12.320,38.000,01/03/2024,,,12.320,37.840,"",""
13629,POLIOLES,,,372.160,800.000,01/03/2024,,,372.160,47.020,"",""
13641,GLICOLES,,,48.260,600.000,01/03/2024,,,48.260,266.560,"",""
13671,ESTIRENO,,,62.460,800.000,01/03/2024,,,62.460,,"",""
13681,POLIOLES,,,1.000,1200.000,01/03/2024,,,1.000,353.980,"",""
13686,POLIOLES,,,17.900,600.000,01/03/2024,,,17.900,178.500,"",""
13688,POLIOLES,,,1.000,300.000,01/03/2024,,,1.000,,"",""
13702,POLIOLES,,,,72.000,01/03/2024,,,,72.160,"",""
13742_00AQ,GLICOLES,,,,500.000,01/03/2024,,,,35.200,"","mercado total Jordania"
13742_01BE,GLICOLES,,,,200.000,01/03/2024,,,,17.600,"","mercado total Libano"
13751,GLICOLES,,,,300.000,01/03/2024,,,,147.040,"",""
13755,POLIOLES,,,,53.000,01/03/2024,,,,53.000,"",""
13765,POLIOLES,,,,4800.000,01/03/2024,,,,315.080,"",""
13773,POLIOLES,,,,2500.000,01/03/2024,,,,1053.120,"",""
13794,POLIOLES,,,,250.000,01/03/2024,,,,17.600,"",""
13796,POLIOLES,,,,1.000,01/03/2024,,,,1.000,"",""
13807,GLICOLES,,,,325.000,01/03/2024,,,,325.320,"",""
13812,GLICOLES,,,,48.000,01/03/2024,,,,47.620,"",""
13813,POLIOLES,,,,20.000,01/03/2024,,,,12.000,"",""
13826,GLICOLES,,,,400.000,01/03/2024,,,,18.000,"","distribuidor"
13856,POLIOLES,,,,1500.000,01/03/2024,,,,153.240,"",""
13881,POLIOLES,,,,1.000,01/03/2024,,,,1.000,"",""
20233,OP,750.000,950.000,950.000,401.000,01/03/2024,710.040,828.880,682.960,400.900,"LYONDELLBASELL",""
20282,POLIOLES,2330.000,3333.000,2300.000,2667.000,01/03/2024,1835.340,2449.920,1834.910,1011.360,"DOW",""
20287,POLIOLES,2600.000,3000.000,3000.000,3000.000,01/03/2024,302.560,,,262.960,"DoW",""
20365,POLIOLES,48.400,,,,01/03/2024,48.400,,,,"",""
20600,POLIOLES,,3333.000,4667.000,4667.000,01/03/2024,,311.980,613.300,322.200,"BASF",""
20630,GLICOLES,4000.000,4000.000,4600.000,,01/03/2024,95.000,128.000,22.000,,"QD",""
30304,POLIOLES,95.000,128.000,144.000,146.100,01/03/2024,,71.740,70.900,146.100,"INEOS (QD) hasta 2019",""
30307,POLIOLES,9667.000,10933.000,8533.000,11000.000,01/03/2024,5552.180,5645.240,3244.440,1765.180,"",""
30393,ESTIRENO,9600.000,10933.000,8533.000,8533.000,01/03/2024,2126.380,3033.760,2815.740,2144.500,"Covestro p/ visco, DOW p/ convencional Abridor y especiales a Rokita",""
40292,ESTIRENO,2400.000,3400.000,3400.000,960.000,01/03/2024,367.540,776.100,1014.640,694.780,"",""
70015,ESTIRENO,26623.133,30284.111,28667.779,23941.739,01/03/2024,26623.133,30284.111,28667.779,23941.739,"",""
70120ANT,ESTIRENO,21698.968,,6366.000,,01/03/2024,21698.968,,6000.384,,"",""
70120CHI,ESTIRENO,12999.213,,,,01/03/2024,12999.213,,,,"",""
70120GR,ESTIRENO,54498.020,53648.888,54448.754,58340.790,01/03/2024,54498.020,53648.888,54448.754,58340.790,"",""
70120NL,ESTIRENO,2000.000,5249.948,20549.544,10500.438,01/03/2024,2000.000,5249.948,20549.544,10500.438,"",""
70120TR,ESTIRENO,137227.464,167844.373,131513.797,148605.301,01/03/2024,137227.464,167844.373,131513.797,148605.301,"",""
72011,GLICOLES,,,335.980,305.500,01/03/2024,,,335.980,305.500,"",""
80163,POLIOLES,3300.000,3200.000,3200.000,3200.000,01/03/2024,218.520,726.800,279.300,125.000,"DOW, BASF COVESTRO, SHELL",""
80192,POLIOLES,5000.000,5000.000,4500.000,4500.000,01/03/2024,1200.280,1656.000,1187.840,978.940,"Todos",""
80226,GLICOLES,,,10.900,500.000,01/03/2024,,,10.900,,"",""
80226,POLIOLES,22000.000,24000.000,20000.000,20000.000,01/03/2024,8.520,47.000,39.000,85.000,"",""
80226,OP,1500.000,1500.000,1500.000,1500.000,01/03/2024,,1199.950,,,"",""
80302,POLIOLES,8500.000,3300.000,4500.000,3000.000,01/03/2024,1761.240,1165.740,1255.180,1644.220,"DOW, covestro, Shell. BASF",""
80382,POLIOLES,9500.000,10000.000,9500.000,8500.000,01/03/2024,2807.580,3047.460,3195.540,2345.680,"Todos",""
80407,POLIOLES,9000.000,9300.000,8600.000,7500.000,01/03/2024,2970.940,3748.140,2838.860,2340.840,"Dow, Oltchim, NKNK",""
80492,POLIOLES,17000.000,14000.000,6000.000,,01/03/2024,,592.900,,,"Covestro, Shell",""
80521,POLIOLES,15300.000,16447.500,14967.225,13470.503,01/03/2024,8210.340,10155.180,6532.780,4707.289,"Covestro, Shell",""
80529,POLIOLES,3000.000,3000.000,3000.000,3000.000,01/03/2024,,30.000,35.000,,"Covestro",""
80580,POLIOLES,9200.000,8500.000,8500.000,6000.000,01/03/2024,,2082.520,4174.740,3582.060,"Covestro",""
80619,POLIOLES,1.000,,,,01/03/2024,1.000,,,,"",""
80619,POLIOLES,9000.000,10000.000,10000.000,,01/03/2024,1290.380,1567.580,552.580,,"Shell",""
80619,POLIOLES,1616.904,1123.140,144.560,,01/03/2024,1616.904,1123.140,144.560,,"Covestro",""
80619,POLIOLES,45.600,120.380,,,01/03/2024,45.600,120.380,,,"",""
80619,POLIOLES,,26.300,2000.000,,01/03/2024,,26.300,,,"",""
80619,POLIOLES,4685.880,2646.120,,,01/03/2024,4685.880,2646.120,,,"",""
80619,POLIOLES,1620.680,692.240,,,01/03/2024,1620.680,692.240,,,"",""
80619,POLIOLES,51.140,237.940,,,01/03/2024,51.140,237.940,,,"",""
80619,POLIOLES,2090.660,1002.040,,,01/03/2024,2090.660,1002.040,,,"",""
80619,POLIOLES,108.280,311.360,,,01/03/2024,108.280,311.360,,,"",""
81686,ESTIRENO,160.140,183.100,183.000,183.000,01/03/2024,160.140,183.100,182.860,161.160,"",""
81988,POLIOLES,25000.000,40000.000,40000.000,,01/03/2024,,,,,"DOW, lyondell, Koreanos, chinos","ver  fila 29. CONTIMPEX va a Turquia"
81988A,GLICOLES,3482.148,2967.662,1149.436,754.000,01/03/2024,3482.148,2967.662,1149.436,753.692,"",""
81988A,POLIOLES,120000.000,130000.000,150000.000,170000.000,01/03/2024,9047.202,6359.094,2826.364,1819.985,"DOW, COVESTRO, SHELL, CHIMCOMPLEX, KOREANOS, CHINOS",""
82126,POLIOLES,150.000,88.000,,,01/03/2024,138.160,88.000,,,"ninguno",""
82583F,GLICOLES,333.000,300.480,215.000,200.000,01/03/2024,,,71.580,71.800,"",""
82583Y,GLICOLES,117.000,150.000,117.780,100.000,01/03/2024,116.740,45.800,117.780,71.680,"",""
82583,GLICOLES,333.040,300.480,215.000,168.000,01/03/2024,333.040,300.480,215.000,168.060,"",""
82586,GLICOLES,,,22.000,,01/03/2024,,,22.000,,"",""
82586,POLIOLES,700.000,700.000,700.000,700.000,01/03/2024,,6.160,28.000,208.920,"",""
82586_00HE,POLIOLES,5000.000,5000.000,5000.000,,01/03/2024,10.000,80.000,40.000,,"Lyondell",""
82586_01MA,GLICOLES,,52.080,28.000,,01/03/2024,,52.080,,,"",""
82586_01MA,POLIOLES,,20.000,,,01/03/2024,,20.000,,,"",""
82609,POLIOLES,2.000,,,,01/03/2024,2.000,,,,"",""
82996,POLIOLES,6200.000,6665.000,6065.150,5458.635,01/03/2024,1139.280,1056.980,409.920,364.360,"Shell, Covestro",""
83003,ESTIRENO,3600.000,3744.000,3407.040,2964.125,01/03/2024,1575.240,1357.620,1057.980,484.660,"Versalis",""
83003,GLICOLES,1500.000,1530.000,1468.800,1454.112,01/03/2024,482.800,241.500,73.960,144.200,"Ineos, Lyondell",""
83081,ESTIRENO,400.000,416.000,402.080,349.810,01/03/2024,167.200,285.500,402.080,143.420,"Traders",""
83194,GLICOLES,600.000,612.000,587.520,400.000,01/03/2024,287.400,331.000,93.400,96.460,"Lyondell, Dow",""
83194,POLIOLES,1500.000,1612.500,1499.625,,01/03/2024,1203.720,853.320,,,"Repsol unico suministrador en 2019 y en 2020 compran a Jahua",""
83284,ESTIRENO,1500.000,1560.000,1419.600,1235.052,01/03/2024,24.360,,,,"Traders",""
83284,GLICOLES,4100.000,4182.000,4014.720,3974.573,01/03/2024,340.820,314.520,947.920,740.080,"Lyondell, Ineos",""
83668,POLIOLES,5000.000,5000.000,4500.000,,01/03/2024,29.560,28.760,,,"Todos",""
83707,ESTIRENO,35000.000,35000.000,32000.000,30000.000,01/03/2024,7666.150,8245.000,,,"TOTAL",""
83913,GLICOLES,6600.000,6000.000,4765.000,4535.000,01/03/2024,6600.360,5935.040,4765.060,4534.500,"",""
83917,POLIOLES,7500.000,8500.000,8500.000,8500.000,01/03/2024,2653.600,3875.720,4120.660,4097.820,"Todos",""
84252,POLIOLES,17000.000,19000.000,18000.000,18000.000,01/03/2024,4354.580,4265.310,3507.900,2650.320,"Todos",""
84315,ESTIRENO,3400.000,3536.000,3217.760,2799.451,01/03/2024,1200.960,1630.060,1601.860,934.660,"Versalis",""
84571,POLIOLES,1700.000,1700.000,1700.000,1700.000,01/03/2024,835.080,851.260,875.820,819.800,"Dow",""
84594,GLICOLES,2000.000,2000.000,2000.000,,01/03/2024,332.960,134.500,,,"",""
84623,GLICOLES,120.000,120.000,120.000,120.000,01/03/2024,80.000,40.000,,,"LYONDELL ",""
84623,POLIOLES,3500.000,4000.000,4000.000,6000.000,01/03/2024,571.660,395.460,611.840,788.580,"DOW, SHELL, COVESTRO","con la integracion de DEN BRAVEN FRANCE"
84627,ESTIRENO,400.000,416.000,378.560,329.347,01/03/2024,216.480,120.360,121.880,48.120,"Versalis",""
84664,POLIOLES,3000.000,2500.000,2400.000,2800.000,01/03/2024,,,1022.400,1463.639,"",""
84788,ESTIRENO,2900.000,3016.000,2744.560,2387.767,01/03/2024,221.160,1160.460,952.080,,"Traders",""
84788,GLICOLES,5500.000,5610.000,5385.600,5331.744,01/03/2024,1958.900,1850.220,2214.560,1371.440,"Dow, Lyondell, Ineos",""
84788,POLIOLES,3000.000,3225.000,2999.250,2699.325,01/03/2024,1172.120,1043.080,932.400,904.700,"Covestro, Dow",""
84808,POLIOLES,2300.000,2500.000,2500.000,2500.000,01/03/2024,,3.000,1.000,,"Shell, BASF, Covestro",""
84846,ESTIRENO,,,190.680,500.000,01/03/2024,,,190.680,168.600,"",""
84861,POLIOLES,2600.000,1600.000,2100.000,2600.000,01/03/2024,1072.812,241.400,1993.824,2396.776,"Dow, Covestro",""
85008,POLIOLES,7333.000,7333.000,6667.000,6667.000,01/03/2024,1494.620,1061.460,1843.600,1557.400,"DOW",""
85014BIO,POLIOLES,1031.000,1322.000,898.000,270.000,01/03/2024,1030.540,1321.920,897.560,269.100,"",""
85014,POLIOLES,6250.000,7100.000,6200.000,6000.000,01/03/2024,3320.040,4176.640,3183.560,4764.960,"Dow, Covestro, Shell",""
85200,POLIOLES,500.000,250.000,100.000,100.000,01/03/2024,,18.440,,,"Dow",""
85293,POLIOLES,13000.000,13000.000,11500.000,9000.000,01/03/2024,5228.260,4026.640,4370.520,2805.640,"Todos",""
85401,GLICOLES,53.000,100.000,123.200,106.000,01/03/2024,52.800,88.000,123.200,105.600,"",""
85436,POLIOLES,,1.000,,,01/03/2024,,1.000,,,"",""
85477,GLICOLES,4000.000,4000.000,4000.000,4500.000,01/03/2024,75.200,133.420,124.000,222.340,"",""
85477,POLIOLES,6000.000,6000.000,6000.000,6000.000,01/03/2024,10.000,,,,"",""
85489,GLICOLES,86.660,44.600,,,01/03/2024,86.660,44.600,,,"",""
85587,POLIOLES,8000.000,10000.000,10000.000,9000.000,01/03/2024,783.080,1461.760,1047.900,1022.020,"Todos",""
85647,POLIOLES,6500.000,4800.000,4800.000,3500.000,01/03/2024,,855.560,1541.620,1376.020,"Shell, Dow",""
85858,POLIOLES,20000.000,21000.000,21000.000,20000.000,01/03/2024,9.560,,,4.000,"",""
85865,GLICOLES,400.000,400.000,400.000,400.000,01/03/2024,369.400,329.300,372.700,329.120,"Brenntag",""
85910,POLIOLES,188.000,202.100,187.953,169.158,01/03/2024,188.000,47.760,35.430,44.100,"",""
85958,POLIOLES,2800.000,3010.000,2739.100,2465.190,01/03/2024,1499.360,1880.800,1359.160,1074.140,"Covestro, Dow",""
86025,POLIOLES,7000.000,6500.000,6500.000,5000.000,01/03/2024,1496.560,1386.640,1249.840,1046.980,"BASF, Covestro",""
86063,POLIOLES,800.000,860.000,799.800,719.820,01/03/2024,146.820,134.620,47.620,,"Shell, Covestro, Rokita",""
86075,POLIOLES,2700.000,2902.500,2699.325,2429.393,01/03/2024,44.340,241.400,206.740,5.000,"Dow, Jiahua Chemicals",""
86127,POLIOLES,10000.000,10000.000,10000.000,9000.000,01/03/2024,,49.840,,,"Todos",""
86131,POLIOLES,3000.000,2200.000,2400.000,1800.000,01/03/2024,25.860,,557.920,793.520,"",""
86140,ESTIRENO,500.000,520.000,473.200,411.684,01/03/2024,73.220,169.040,193.960,96.100,"Traders",""
86140,GLICOLES,800.000,816.000,783.360,775.526,01/03/2024,327.460,237.100,304.840,209.920,"Ineos",""
86150,POLIOLES,600.000,600.000,600.000,700.000,01/03/2024,205.360,197.600,327.020,302.000,"Oltchim, Dow",""
86181,POLIOLES,8000.000,8000.000,7000.000,7000.000,01/03/2024,380.140,157.920,90.160,,"DOW, SHELL, Koreanos",""
86183,POLIOLES,7000.000,7000.000,6500.000,6500.000,01/03/2024,438.520,415.860,2621.900,3131.020,"Todos",""
86206,POLIOLES,2200.000,2500.000,2250.000,2250.000,01/03/2024,745.120,1148.460,1002.240,951.840,"",""
86211,POLIOLES,1300.000,1397.500,1299.675,1169.708,01/03/2024,571.540,620.560,527.060,381.480,"Dow, Covestro",""
86237,ESTIRENO,2500.000,2600.000,2366.000,2058.420,01/03/2024,846.220,498.700,1018.080,95.060,"Traders",""
86238,POLIOLES,9000.000,8500.000,10000.000,8500.000,01/03/2024,225.900,709.660,208.840,464.980,"Todos",""
86304,POLIOLES,3000.000,2500.000,2500.000,2500.000,01/03/2024,82.000,84.000,84.000,70.000,"",""
86425,POLIOLES,30000.000,31300.000,33300.000,32000.000,01/03/2024,1966.300,4499.900,5289.480,3114.140,"Dow, Shell, Covestro",""
86917,POLIOLES,20000.000,20000.000,20000.000,20000.000,01/03/2024,5091.440,6421.300,4508.980,3657.520,"Todos",""
87014,POLIOLES,1500.000,1612.500,1499.625,1349.663,01/03/2024,19.800,150.520,66.000,,"Jiahua Chemicals, Chimcomplex",""
87022,POLIOLES,19000.000,20000.000,20000.000,20000.000,01/03/2024,,,1256.080,869.990,"Todos",""
87051,POLIOLES,8000.000,8000.000,8000.000,8000.000,01/03/2024,,,,174.960,"Todos",""
87054,GLICOLES,1300.000,2000.000,2400.000,2000.000,01/03/2024,1005.540,610.000,847.980,664.620,"Lyondell, Oleon, Ineos",""
87100,POLIOLES,1000.000,700.000,700.000,1200.000,01/03/2024,430.309,41.111,109.580,627.379,"Covestro",""
87140,GLICOLES,35.000,35.000,35.000,18.000,01/03/2024,17.600,17.600,17.600,17.600,"Lyondell",""
87141,GLICOLES,3000.000,3500.000,3500.000,3000.000,01/03/2024,501.440,,,132.440,"SKC DOW INEOS",""
87200,POLIOLES,3000.000,3200.000,3200.000,2600.000,01/03/2024,1616.500,1879.400,1826.360,1561.280,"Shell, Dow",""
87210,ESTIRENO,300.000,431.820,443.700,386.019,01/03/2024,177.320,431.820,443.700,72.380,"Traders",""
87210,GLICOLES,7600.000,7752.000,7441.920,7367.501,01/03/2024,6643.820,7023.420,6602.735,6715.540,"Dow, Ineos",""
87210,POLIOLES,724.000,778.300,767.000,804.360,01/03/2024,723.700,728.940,766.990,804.360,"Repsol unico suministrador",""
87235,POLIOLES,,4.000,,,01/03/2024,,4.000,,,"",""
87235BH,POLIOLES,96.100,,23.000,141.000,01/03/2024,96.100,,22.540,141.420,"",""
87235SI,POLIOLES,98.800,97.360,120.060,133.000,01/03/2024,98.800,97.360,120.060,133.320,"",""
87235A,POLIOLES,3909.120,1197.620,1401.000,1002.000,01/03/2024,3909.120,1197.620,1400.540,1002.140,"",""
87235CH,POLIOLES,561.680,331.000,287.000,241.000,01/03/2024,561.680,331.000,287.100,241.160,"",""
87328,GLICOLES,950.000,900.000,640.000,650.000,01/03/2024,115.640,172.460,195.060,437.380,"lyondell DOW",""
87360,GLICOLES,150.000,153.000,146.880,145.411,01/03/2024,,23.860,,,"",""
87360,POLIOLES,1100.000,1182.500,1099.725,989.753,01/03/2024,341.140,48.400,246.540,391.040,"Dow, Covestro, Rokita",""
87387,POLIOLES,3000.000,3225.000,2934.750,2641.275,01/03/2024,252.240,320.460,253.260,228.000,"Dow, Covestro",""
87388,POLIOLES,14000.000,15050.000,13695.500,12325.950,01/03/2024,93.700,,1952.700,1664.820,"Dow, Covestro",""
87390,POLIOLES,3650.000,3923.750,3570.613,3213.551,01/03/2024,,277.660,1694.380,1975.060,"Dow, Covestro",""
87449,GLICOLES,46.960,,,,01/03/2024,46.960,,,,"",""
87463,GLICOLES,,,20.000,,01/03/2024,,,20.000,,"",""
87510,POLIOLES,,5000.000,5000.000,5500.000,01/03/2024,,1.000,10.000,,"",""
87540AL,POLIOLES,,17.000,15.470,13.923,01/03/2024,,16.940,,,"",""
87540,POLIOLES,837.930,1281.740,3257.340,2931.606,01/03/2024,837.930,1281.740,3257.340,2423.900,"Chimcomplex",""
87540_09DU,POLIOLES,,,,135.000,01/03/2024,,,,135.000,"",""
87555,POLIOLES,1800.000,1935.000,1799.550,1619.595,01/03/2024,24.400,,194.340,271.980,"Dow, Covestro",""
87567,GLICOLES,500.000,500.000,500.000,500.000,01/03/2024,165.560,147.380,165.080,168.620,"Todos",""
87567,OP,,18.860,,800.000,01/03/2024,,18.860,,,"",""
87610,POLIOLES,261.000,500.000,350.000,600.000,01/03/2024,260.660,93.980,,,"",""
87624,ESTIRENO,1300.000,1352.000,1230.320,1070.378,01/03/2024,715.000,,,,"Versalis",""
87624,GLICOLES,500.000,510.000,489.600,484.704,01/03/2024,236.420,95.520,,,"Ineos",""
87651,POLIOLES,250.000,268.750,249.938,224.944,01/03/2024,,39.560,20.000,88.520,"",""
87657,GLICOLES,1000.000,1000.000,1000.000,1000.000,01/03/2024,,,,,"",""
88006,GLICOLES,1000.000,1200.000,1200.000,1200.000,01/03/2024,,209.160,480.300,480.860,"BASF INEOS",""
88010,POLIOLES,94.320,,,,01/03/2024,94.320,,,,"",""
88071,POLIOLES,1000.000,1000.000,1000.000,1000.000,01/03/2024,120.000,90.000,105.000,133.000,"",""
88087,POLIOLES,251.140,93.060,,,01/03/2024,251.140,93.060,,,"",""
88094,POLIOLES,6300.000,6772.500,6162.975,5546.678,01/03/2024,3124.320,3993.880,3372.300,2717.560,"Shell, Covestro",""
88219,POLIOLES,550.000,600.000,800.000,800.000,01/03/2024,,24.380,122.500,25.100,"",""
88226,POLIOLES,8000.000,9000.000,8500.000,9000.000,01/03/2024,3811.720,4907.520,4260.880,3788.320,"Todos",""
88245,GLICOLES,250.000,350.000,350.000,450.000,01/03/2024,201.900,197.340,105.340,350.840,"",""
88279,POLIOLES,1500.000,1500.000,1500.000,2500.000,01/03/2024,214.920,216.380,49.400,23.380,"",""
88298,ESTIRENO,4500.000,5000.000,2800.000,2625.000,01/03/2024,3778.300,4776.060,2800.020,2625.440,"",""
88330,GLICOLES,500.000,500.000,600.000,600.000,01/03/2024,251.460,213.140,185.280,186.560,"Brenntag",""
88341,GLICOLES,800.000,500.000,650.000,,01/03/2024,338.760,241.880,,,"Covestro","integrado a SOTRAGAL"
88374,POLIOLES,415.094,48.560,207.320,801.000,01/03/2024,415.094,48.560,207.320,801.370,"",""
88391,GLICOLES,,,,3.000,01/03/2024,,,,3.000,"",""
88391,POLIOLES,6000.000,5500.000,5500.000,5500.000,01/03/2024,,166.780,1041.640,656.000,"Todos",""
88406,POLIOLES,1500.000,1400.000,1200.000,1200.000,01/03/2024,338.360,295.180,98.680,195.760,"",""
88439,GLICOLES,4000.000,5000.000,4500.000,3900.000,01/03/2024,343.720,788.180,619.980,759.440,"",""
88439,POLIOLES,2000.000,2000.000,1800.000,1500.000,01/03/2024,197.660,235.220,166.580,289.060,"",""
88492,ESTIRENO,125.000,150.000,75.000,75.000,01/03/2024,23.840,23.320,35.760,23.800,"",""
88570,POLIOLES,,,10.000,,01/03/2024,,,10.000,,"",""
88570_00VI,POLIOLES,,,12.000,,01/03/2024,,,12.000,,"",""
88621,POLIOLES,3.000,5.000,2.000,1.000,01/03/2024,3.000,5.000,2.000,1.000,"",""
88649,POLIOLES,,,6.000,2000.000,01/03/2024,,,6.000,24.260,"",""
88701,POLIOLES,1000.000,1200.000,1300.000,1300.000,01/03/2024,28.980,161.740,26.940,71.840,"",""
88796,ESTIRENO,1208.000,1478.400,1048.280,750.000,01/03/2024,1208.480,1478.400,1048.280,621.620,"",""
88796,GLICOLES,800.000,1084.000,832.229,610.000,01/03/2024,778.240,1083.680,832.229,609.780,"",""
88825,GLICOLES,200.000,200.000,300.000,300.000,01/03/2024,,23.960,244.740,195.440,"Todos",""
88826,GLICOLES,600.000,800.000,800.000,800.000,01/03/2024,,211.680,366.520,23.900,"Todos",""
88867,GLICOLES,50.000,50.000,50.000,50.000,01/03/2024,35.200,17.600,17.600,,"",""
88868,GLICOLES,400.000,400.000,400.000,400.000,01/03/2024,138.340,91.600,91.620,22.940,"INEOS",""
88898,GLICOLES,1000.000,1000.000,1000.000,1000.000,01/03/2024,,148.460,294.120,592.980,"BASF, INEOS",""
88902,ESTIRENO,1000.000,1000.000,744.000,700.000,01/03/2024,789.940,839.580,743.740,396.040,"",""
88902,GLICOLES,6700.000,5200.000,5223.000,4444.000,01/03/2024,6491.220,4965.780,5222.580,4444.200,"Ineos",""
88926,POLIOLES,3000.000,3000.000,3000.000,3000.000,01/03/2024,143.340,259.600,279.000,115.700,"",""
88976,GLICOLES,400.000,400.000,400.000,400.000,01/03/2024,295.460,145.980,195.420,217.980,"Todos",""
89136,ESTIRENO,4500.000,4500.000,4500.000,4500.000,01/03/2024,,,27.060,,"Distribuidores",""
89136,GLICOLES,3500.000,3000.000,3000.000,3000.000,01/03/2024,146.920,168.920,119.580,,"Distribuidores",""
89153,GLICOLES,1000.000,1000.000,1000.000,1000.000,01/03/2024,458.020,254.900,414.620,130.060,"BASF INEOS",""
89176,ESTIRENO,7100.000,7384.000,6719.440,5845.913,01/03/2024,1514.980,1574.440,2060.480,1816.440,"",""
89176,GLICOLES,1700.000,1734.000,1664.640,1647.994,01/03/2024,484.080,717.580,384.660,237.040,"Ineos, Lyondell",""
89211,POLIOLES,1000.000,1000.000,2000.000,3000.000,01/03/2024,,,,,"Koreanos",""
89239,GLICOLES,207.000,227.000,203.140,231.000,01/03/2024,206.640,227.020,203.140,230.780,"",""
89240,GLICOLES,100.000,100.000,,400.000,01/03/2024,100.000,100.000,,,"","cliente final FOSTER CLARKS en Malta"
89244,POLIOLES,700.000,1000.000,1000.000,1200.000,01/03/2024,161.700,38.000,,9.000,"Oltchim",""
89264KE,POLIOLES,178.000,,,3500.000,01/03/2024,177.820,,,44.420,"","integrado a SOTRAGAL"
89264MZ,POLIOLES,67.080,,,2500.000,01/03/2024,67.080,,,,"","mercado total Kenia"
89264CF,POLIOLES,105.600,70.400,,2000.000,01/03/2024,105.600,70.400,,17.600,"","mercado total Uganda"
89264RW,POLIOLES,89.000,,,500.000,01/03/2024,,,,44.840,"","mercado total Rep centroafrica"
89264,04UG,POLIOLES,3300.000,2500.000,,2500.000,01/03/2024,88.640,,,,"COVESTRO, SHELL, DOW","mercado total Mozambique"
89297,POLIOLES,2800.000,2500.000,3000.000,3500.000,01/03/2024,428.420,448.240,613.880,496.340,"SHELL,COVESTRO,DOW",""
89306,POLIOLES,5000.000,6800.000,6800.000,6800.000,01/03/2024,3473.580,4077.820,4591.820,4244.080,"SHELL,COVESTRO,DOW",""
89354,POLIOLES,15500.000,15500.000,16000.000,16000.000,01/03/2024,5607.740,5542.280,6091.120,7853.040,"Todos",""
89363,POLIOLES,15000.000,14500.000,14000.000,12000.000,01/03/2024,1612.880,2040.740,1498.480,228.160,"BASF, Rokita, Covestro",""
89381,POLIOLES,14000.000,12500.000,12000.000,12000.000,01/03/2024,7143.700,5811.820,5692.760,4575.500,"Todos",""
89388,GLICOLES,1100.000,1122.000,1077.120,1066.349,01/03/2024,449.100,261.860,785.510,285.400,"Dow",""
89398,POLIOLES,8000.000,9000.000,9000.000,9000.000,01/03/2024,594.640,1046.980,1525.960,1073.960,"Todos",""
89440,ESTIRENO,7700.000,8008.000,1420.000,1235.400,01/03/2024,,47.600,119.460,,"Versalis, Traders",""
89440,GLICOLES,3200.000,3264.000,3133.440,3102.106,01/03/2024,928.040,544.860,502.640,784.400,"Ineos, Lyondell",""
89471,ESTIRENO,4435.000,5175.380,5065.000,5000.000,01/03/2024,4435.140,5175.380,5065.200,3956.840,"",""
89471,GLICOLES,952.000,855.740,883.000,643.660,01/03/2024,952.200,855.740,882.560,643.660,"",""
89504,GLICOLES,1500.000,1500.000,1500.000,1500.000,01/03/2024,,24.200,,,"Todos",""
89653,ESTIRENO,27500.000,28600.000,26026.000,22642.620,01/03/2024,1991.640,3493.940,1926.060,,"Versalis, Traders",""
89653,GLICOLES,15300.000,15606.000,14981.760,14831.942,01/03/2024,,,95.080,95.620,"Dow, Lyondell",""
89703,GLICOLES,250.000,150.000,180.480,165.000,01/03/2024,158.800,106.000,180.480,164.600,"",""
89710,POLIOLES,3500.000,4000.000,3500.000,3500.000,01/03/2024,,96.480,,,"",""
89719,GLICOLES,600.000,600.000,373.000,350.000,01/03/2024,295.560,274.160,372.660,149.700,"Ineos, Basf",""
89719,POLIOLES,800.000,808.600,926.000,800.000,01/03/2024,800.020,808.600,926.360,328.480,"",""
89758,ESTIRENO,19.780,,,,01/03/2024,19.780,,,,"",""
89758,GLICOLES,214.000,71.360,,,01/03/2024,214.000,71.360,,,"",""
89765,POLIOLES,320.000,344.000,319.920,287.928,01/03/2024,69.060,96.800,68.000,49.840,"Dow, Covestro",""
89817,GLICOLES,100.000,100.000,140.000,91.120,01/03/2024,17.840,35.440,70.400,91.120,"",""
89835,POLIOLES,2000.000,2000.000,2000.000,2000.000,01/03/2024,89.320,107.760,23.780,43.660,"",""
89867,POLIOLES,18.080,76.130,95.000,77.300,01/03/2024,18.080,76.130,94.640,77.300,"",""
89944,GLICOLES,2700.000,2500.000,211.200,2500.000,01/03/2024,,70.400,211.200,,"","mercado total Nigeria"
89944,POLIOLES,25000.000,25000.000,,28000.000,01/03/2024,110.488,,,,"","mercado total Nigeria"
89976,ESTIRENO,2500.000,2500.000,2500.000,3200.000,01/03/2024,,,52.260,,"Brenntag, Ineos",""
89976,GLICOLES,80.820,,,1500.000,01/03/2024,80.820,,,,"",""
89978,ESTIRENO,6500.000,6500.000,3400.000,2800.000,01/03/2024,144.300,316.860,827.440,73.800,"Dow, Shell, Basf",""
89978,GLICOLES,1600.000,1600.000,1600.000,1300.000,01/03/2024,298.920,84.860,33.540,226.580,"Brenntag, Ineos",""
90010,ESTIRENO,,104.000,,,01/03/2024,,103.980,,,"",""
90010,GLICOLES,,22.200,,,01/03/2024,,22.200,,,"",""
90011,ESTIRENO,1475.000,1700.000,1700.000,2100.000,01/03/2024,1475.180,820.680,894.820,968.220,"",""
90030,GLICOLES,800.000,800.000,1000.000,1000.000,01/03/2024,380.660,517.020,106.920,353.680,"DOW INEOS Lyondell",""
90040,GLICOLES,,,21.340,23.780,01/03/2024,,,21.340,23.780,"",""
90040,POLIOLES,5000.000,5375.000,4998.750,4498.875,01/03/2024,714.760,1661.280,1659.320,737.139,"Covestro, Dow , Shell",""
90090JAT,GLICOLES,5000.000,5200.000,4732.000,4684.680,01/03/2024,23.840,,,,"Versalis",""
90090,ESTIRENO,6401.000,8000.311,7055.160,6137.989,01/03/2024,6401.000,8000.311,7055.160,4214.920,"Repsol unico suministrador",""
90090,GLICOLES,3378.780,3674.440,3072.740,3042.013,01/03/2024,3378.780,3674.440,3072.740,2983.360,"Lyondell",""
90147,POLIOLES,1300.000,1100.000,1100.000,900.000,01/03/2024,1102.220,897.520,427.940,23.980,"",""
90157,ESTIRENO,120.000,120.000,100.000,100.000,01/03/2024,63.560,23.880,42.860,,"",""
90172,POLIOLES,4000.000,3500.000,3500.000,3000.000,01/03/2024,2055.280,1794.820,1307.775,355.740,"BASF, Covestro",""
90177,POLIOLES,1200.000,1200.000,1000.000,1000.000,01/03/2024,,,299.700,,"DOW, COVESTRO SHELL",""
90199,GLICOLES,900.000,900.000,900.000,900.000,01/03/2024,457.940,321.200,526.440,548.920,"LYONDELL",""
90234,POLIOLES,1000.000,500.000,400.000,400.000,01/03/2024,72.000,,,,"",""
90276,POLIOLES,220.480,,,30000.000,01/03/2024,220.480,,,,"","ventas total trader CONFORTCHEM"
90363,GLICOLES,200.000,100.000,250.000,250.000,01/03/2024,9.760,,33.860,83.840,"Brenntag",""
90380,POLIOLES,62.460,,600.000,500.000,01/03/2024,62.460,,,,"",""
90434,GLICOLES,320.000,400.000,400.000,400.000,01/03/2024,170.480,365.840,257.400,239.320,"",""
90456,GLICOLES,7000.000,7000.000,7000.000,7000.000,01/03/2024,120.720,343.680,196.700,358.600,"DOW INEOS BASF",""
90474A,POLIOLES,200.000,200.000,74.000,208.000,01/03/2024,18.920,22.660,10.560,26.920,"Dow",""
90474VA,GLICOLES,95.300,502.242,631.766,582.000,01/03/2024,95.300,502.242,631.766,581.827,"",""
90474VA,POLIOLES,350.000,450.000,160.000,178.000,01/03/2024,26.840,28.160,73.680,45.760,"Oleon, ",""
90474FR,GLICOLES,800.000,600.000,650.000,650.000,01/03/2024,23.860,94.820,71.740,237.160,"Oleon, ",""
90474FR,POLIOLES,109.000,168.000,137.000,710.000,01/03/2024,31.520,,,,"Dow",""
90474I15,GLICOLES,1100.000,800.000,74.000,42.240,01/03/2024,,,,14.780,"",""
90474I15,POLIOLES,108.600,168.360,136.640,137.000,01/03/2024,108.600,168.360,136.640,131.000,"",""
90474,GLICOLES,500.000,500.000,800.000,650.000,01/03/2024,,,,44.868,"Oleon, ",""
90490,POLIOLES,140000.000,155000.000,145000.000,145000.000,01/03/2024,,,,,"DOW, BASF, COVESTRO","mercado global Mexico"
90491,ESTIRENO,,59.580,59.860,,01/03/2024,,59.580,59.860,,"",""
90530,GLICOLES,1.000,347.000,554.000,343.000,01/03/2024,,346.980,553.980,342.640,"",""
90537,GLICOLES,1.000,232.360,182.120,286.720,01/03/2024,,232.360,182.120,286.720,"",""
90639HIL,GLICOLES,300.000,200.000,246.000,250.000,01/03/2024,23.620,,,19.840,"Ineos, Basf",""
90639,GLICOLES,2300.000,1200.000,1200.000,2200.000,01/03/2024,1791.367,284.220,766.600,1130.060,"Ineos, Basf",""
90639_02BR,GLICOLES,,174.440,2000.000,,01/03/2024,,174.440,,,"",""
90639_01AL,GLICOLES,200.000,200.000,,,01/03/2024,17.600,,,,"Ineos",""
90639_00HA,GLICOLES,400.000,400.000,400.000,400.000,01/03/2024,46.720,,245.940,155.600,"Ineos, Basf",""
90669,ESTIRENO,3000.000,4000.000,4500.000,4500.000,01/03/2024,2328.275,3566.220,3688.360,2905.500,"TOTAL, traders",""
90675,POLIOLES,1200.000,1500.000,1500.000,,01/03/2024,96.960,,71.940,,"COVESTRO, DOW","integrado a BOSTIK 84623"
90695,GLICOLES,700.000,714.000,685.440,678.586,01/03/2024,355.340,261.660,94.720,,"Dow",""
90697,POLIOLES,150.000,161.250,149.963,134.966,01/03/2024,22.880,,,,"Covestro",""
90700,POLIOLES,1100.000,2500.000,2500.000,2500.000,01/03/2024,221.580,194.820,442.640,332.240,"Shell, Basf, Covestro",""
90701,POLIOLES,4000.000,3000.000,18.000,4000.000,01/03/2024,355.100,122.120,18.000,,"DOW, COVESTRO SHELL koreanso","mercado total Libano"
90703DE,POLIOLES,679.146,713.060,970.820,22000.000,01/03/2024,679.146,713.060,970.820,431.640,"Ineos",""
90703B03,GLICOLES,12000.000,10000.000,10000.000,8000.000,01/03/2024,,,,,"Huntsman, Ineos",""
90703B03,POLIOLES,90000.000,75000.000,50000.000,750.000,01/03/2024,,,,,"Huntsman, Ineos",""
90703ROT,GLICOLES,350.000,426.460,359.640,1000.000,01/03/2024,22.920,426.460,359.640,636.100,"Huntsman, Ineos",""
90703ROT,POLIOLES,1482.620,2281.040,1531.600,3000.000,01/03/2024,1482.620,2281.040,1531.600,360.340,"Huntsman, Ineos",""
90703_00PE,GLICOLES,2000.000,1500.000,1500.000,700.000,01/03/2024,214.960,218.580,262.520,239.180,"Huntsman, Ineos",""
90703IT,POLIOLES,116.320,10.000,,,01/03/2024,116.320,1.000,,,"Huntsman, Ineos",""
90787,ESTIRENO,5000.000,5500.000,4047.420,4093.860,01/03/2024,4366.370,4656.900,4047.420,4093.860,"Huntsman, Ineos",""
90790,GLICOLES,300.000,300.000,300.000,150.000,01/03/2024,,39.880,,59.820,"",""
90796,POLIOLES,,,22.440,500.000,01/03/2024,,,22.440,,"",""
90810,GLICOLES,,,74.460,,01/03/2024,,,74.460,,"",""
90822,POLIOLES,400.000,400.000,400.000,500.000,01/03/2024,22.620,33.240,68.100,,"Basf, Covestro",""
90887,POLIOLES,500.000,400.000,350.000,300.000,01/03/2024,44.680,,,,"DOW COVESTRO SHELL",""
90897,GLICOLES,100.000,50.000,50.000,50.000,01/03/2024,17.600,,,,"",""
90899,ESTIRENO,3500.000,4000.000,,,01/03/2024,1000.000,,,,"LYONDELL, Traders","no existe más esta compañía"
90899,POLIOLES,85.420,,,,01/03/2024,85.420,,,,"","no existe más esta compañía"
90907,POLIOLES,400.000,350.000,300.000,300.000,01/03/2024,87.648,,,,"DOW, BASF, SHELL, COVESTRO",""
90922,POLIOLES,1000.000,1000.000,1000.000,1000.000,01/03/2024,,,24.860,48.980,"",""
90939,GLICOLES,2000.000,2000.000,2000.000,2000.000,01/03/2024,171.700,49.700,,,"INEOS",""
90963,GLICOLES,,,,150.000,01/03/2024,,,,149.620,"",""
90989,GLICOLES,250.000,200.000,200.000,30.000,01/03/2024,190.640,172.740,134.480,21.240,"INEOS",""
91013,POLIOLES,750.000,600.000,600.000,600.000,01/03/2024,422.620,392.780,386.720,,"DOW, wanhua",""
91022,GLICOLES,2000.000,2000.000,2000.000,1600.000,01/03/2024,237.600,69.160,77.880,25.960,"BASF INEOS",""
91026,GLICOLES,65.220,,,,01/03/2024,65.220,,,,"","se vende ahorra a traves de ARPADIS ASIA LTD"
91027,GLICOLES,300.000,400.000,400.000,500.000,01/03/2024,162.400,250.720,263.620,216.520,"",""
91027,03KR,GLICOLES,,,73.460,100.000,01/03/2024,,,73.460,,"",""
91028,GLICOLES,4.000,9.000,9.000,6.000,01/03/2024,4.000,9.000,4.000,6.000,"Brenntag",""
91028,POLIOLES,2000.000,2200.000,3000.000,2200.000,01/03/2024,890.940,1381.620,1315.100,1027.360,"Shell, Basf, Covestro, Oltchim",""
91045,GLICOLES,,,,600.000,01/03/2024,,,,99.540,"",""
91045,POLIOLES,,,,700.000,01/03/2024,,,,343.420,"",""
91047,POLIOLES,600.000,450.000,450.000,450.000,01/03/2024,,54.680,60.780,109.600,"Shell y Dow",""
91067,ESTIRENO,400.000,416.000,378.560,329.347,01/03/2024,97.380,95.520,74.280,25.200,"",""
91067,GLICOLES,450.000,459.000,559.000,553.410,01/03/2024,406.220,364.080,559.120,142.920,"",""
91083,POLIOLES,13500.000,13500.000,13500.000,13500.000,01/03/2024,,,,23.980,"Todos",""
91115,GLICOLES,1200.000,1200.000,1200.000,1200.000,01/03/2024,,,,,"DOW INEOS BASF",""
91138,POLIOLES,,,,155.600,01/03/2024,,,,155.600,"Shell, SKC",""
91175,ESTIRENO,300.000,300.000,300.000,300.000,01/03/2024,,58.760,,,"Shell",""
91175,GLICOLES,300.000,300.000,300.000,300.000,01/03/2024,,,6.000,,"Ineos",""
91179,POLIOLES,1000.000,1000.000,6.000,,01/03/2024,24.200,171.060,,,"Todos",""
91185,POLIOLES,2300.000,2000.000,1800.000,1600.000,01/03/2024,1108.920,805.100,491.880,177.900,"DOW, BASF, SHELL, COVESTRO, corea y china",""
91194,POLIOLES,,23.900,,,01/03/2024,,23.900,,,"",""
91233,GLICOLES,,22.000,,,01/03/2024,,22.000,,,"",""
91295,POLIOLES,23.760,30.860,7.040,0.000,01/03/2024,23.760,30.860,7.040,,"",""
91324,GLICOLES,,49.280,,100.000,01/03/2024,,49.280,,24.800,"",""
91346,ESTIRENO,,,,46.000,01/03/2024,,,,46.200,"",""
91361,POLIOLES,238.460,6000.000,5000.000,5000.000,01/03/2024,238.460,57.960,241.080,47.780,"Todos",""
91379,ESTIRENO,,,157.320,5000.000,01/03/2024,,,157.320,154.900,"",""
91405,POLIOLES,88.480,,,500.000,01/03/2024,88.480,,,,"",""
91446,ESTIRENO,3657.940,5250.440,1639.080,,01/03/2024,3657.940,5250.440,1639.080,,"",""
91517,GLICOLES,198.000,198.000,132.000,219.000,01/03/2024,198.000,198.000,132.000,219.000,"",""
91517,POLIOLES,2000.000,2200.000,2200.000,2200.000,01/03/2024,191.420,32.000,71.520,48.760,"",""
91533,POLIOLES,12000.000,12000.000,,,01/03/2024,20.000,,,,"",""
91534,GLICOLES,600.000,700.000,700.000,700.000,01/03/2024,528.500,513.320,508.880,441.640,"Ineos , Brenntag",""
91535,GLICOLES,400.000,250.000,250.000,300.000,01/03/2024,159.180,159.720,99.660,164.320,"Brenntag",""
91540,POLIOLES,900.000,967.500,65523.938,58971.544,01/03/2024,231.740,193.120,383.680,432.340,"",""
91543BJ,POLIOLES,1000.000,1000.000,1000.000,1000.000,01/03/2024,,,44.760,,"DOW, COVESTRO, SHELL , koreanos","mercado total pais"
91543CV,POLIOLES,500.000,500.000,400.000,350.000,01/03/2024,18.000,20.000,,,"DOW, COVESTRO, SHELL , koreanos","mercado total pais"
91543CM,POLIOLES,2500.000,2500.000,2500.000,3000.000,01/03/2024,154.180,,67.180,,"DOW, COVESTRO, SHELL , koreanos","mercado total pais"
91543CI,POLIOLES,3500.000,3500.000,4000.000,6000.000,01/03/2024,,,,,"DOW, COVESTRO, SHELL , koreanos","mercado total pais"
91543BIS,POLIOLES,2500.000,2500.000,2000.000,1500.000,01/03/2024,,,82.280,,"DOW, COVESTRO, SHELL , koreanos","mercado total pais"
91543SG,POLIOLES,2000.000,2000.000,2000.000,3000.000,01/03/2024,,89.180,89.820,,"DOW, COVESTRO, SHELL , koreanos","mercado total pais"
91570,GLICOLES,200.000,100.000,132.000,200.000,01/03/2024,71.700,91.900,132.000,154.000,"Dow, Ineos",""
91663,ESTIRENO,100.000,120.000,60.000,80.000,01/03/2024,81.460,99.400,59.600,80.000,"",""
91675,POLIOLES,1500.000,1666.000,2000.000,2000.000,01/03/2024,47.820,238.160,238.780,166.920,"Compra a todos pero los mayoritarios: DOW (QD) y SHELL",""
91677,GLICOLES,,82.420,316.560,550000.000,01/03/2024,,82.420,316.560,54.000,"","mercado total EEUU"
91727AL,POLIOLES,1181.000,1892.423,291.380,2000.000,01/03/2024,514.440,335.460,291.380,,"",""
91727CY,POLIOLES,1600.000,1200.000,75.000,500.000,01/03/2024,,17.600,70.400,17.600,"DOW, LYONDELL, Traders",""
91727,ESTIRENO,1500.000,1892.423,1285.000,2000.000,01/03/2024,1180.920,1892.423,1285.000,1580.440,"DOW, COVESTRO, SHELL","mercado total estireno quitando a RAVAGO(Monotez - contrato RAVAGO)"
91727,GLICOLES,400.000,400.000,74.920,420.000,01/03/2024,291.940,184.680,74.920,69.960,"COVESTRO","incluso 3000 toneladas de industria tabacalera - No go por parte de REPSOL"
91727,POLIOLES,8500.000,8500.000,1195.000,8000.000,01/03/2024,530.780,551.700,1194.720,858.880,"DOW, COVESTRO, SHELL",""
91729,GLICOLES,150.000,150.000,150.000,150.000,01/03/2024,,,49.940,48.180,"",""
91737,POLIOLES,5500.000,6000.000,5000.000,5000.000,01/03/2024,501.260,546.200,755.160,606.460,"Covestro, Basf, Shell, Dow",""
91760,ESTIRENO,350.000,500.000,500.000,525.000,01/03/2024,308.340,453.520,451.700,503.520,"Shell",""
91763,GLICOLES,250.000,25.000,71.280,50.000,01/03/2024,47.380,24.680,71.280,,"Ineos",""
91763,POLIOLES,2500.000,2700.000,600.000,1200.000,01/03/2024,5.000,,,23.000,"Shell, Basf, Covestro, jahua",""
91772,ESTIRENO,334.000,958.580,872.308,2200.000,01/03/2024,333.880,958.580,333.440,1247.780,"Repsol unico suministrador",""
91782,ESTIRENO,300.000,312.000,283.920,247.010,01/03/2024,48.460,119.200,72.400,23.800,"Traders",""
91788,POLIOLES,22.100,,600.000,500.000,01/03/2024,22.100,,,44.740,"",""
91809,GLICOLES,5000.000,5000.000,5000.000,5000.000,01/03/2024,24.780,98.400,49.560,121.080,"DOW INEOS Lyondell",""
91826,GLICOLES,450.000,459.000,440.640,436.234,01/03/2024,99.360,168.060,,24.580,"Traders",""
91826,POLIOLES,300.000,322.500,299.925,291.700,01/03/2024,48.580,72.720,147.860,291.700,"Covestro",""
91827,POLIOLES,23.720,,,,01/03/2024,23.720,,,,"",""
91848,GLICOLES,3000.000,3000.000,3000.000,1500.000,01/03/2024,,1.760,,,"DOW, COVESTRO, Koreanso, Chinos",""
91848,POLIOLES,1500.000,1500.000,1500.000,3000.000,01/03/2024,,,17.600,,"DOW, COVESTRO, Koreanso, Chinos",""
91853,GLICOLES,250.000,250.000,198.000,300.000,01/03/2024,225.240,155.780,198.000,200.140,"Ineos",""
91854,ESTIRENO,42000.000,39000.000,3900.000,42000.000,01/03/2024,360.860,1155.580,1166.620,1.880,"Shell, Synthomer",""
91854,GLICOLES,350.000,650.000,650.000,650.000,01/03/2024,47.880,168.120,172.720,114.080,"SKC",""
91854,POLIOLES,1800.000,1800.000,1800.000,1200.000,01/03/2024,68.620,74.160,,22.000,"Rokita, Shell",""
91865,ESTIRENO,400.000,457.060,574.480,499.798,01/03/2024,171.140,457.060,574.480,120.380,"Traders",""
91865,GLICOLES,200.000,204.000,195.840,193.882,01/03/2024,22.840,43.820,47.460,71.980,"Ineos",""
91880,GLICOLES,1000.000,1000.000,,,01/03/2024,133.240,,,,"LYONDELL, INEOS, DOW",""
91885,ESTIRENO,500.000,500.000,597.080,572.000,01/03/2024,405.240,476.080,597.080,571.760,"",""
91888,GLICOLES,750.000,1000.000,1000.000,1000.000,01/03/2024,,,,,"SKC DOW INEOS",""
91913,POLIOLES,2200.000,2365.000,2199.450,1979.505,01/03/2024,485.840,687.400,784.020,701.320,"Covestro, Dow",""
91938,POLIOLES,1000.000,1000.000,1000.000,,01/03/2024,3.000,,,,"DOW, COVESTRO, SHELL",""
91952,POLIOLES,700.000,700.000,,,01/03/2024,,,,,"Huntsman",""
91952,GLICOLES,1.000,1.000,700.000,700.000,01/03/2024,,,,,"Huntsman",""
91953,GLICOLES,,,36.000,200.000,01/03/2024,,,36.000,,"",""
91959,GLICOLES,240.280,44.000,44.000,,01/03/2024,240.280,43.760,,,"",""
91961,POLIOLES,5.060,12.320,16.000,15.840,01/03/2024,5.060,12.320,15.620,15.840,"DOW",""
91964,GLICOLES,1000.000,1000.000,1000.000,1000.000,01/03/2024,672.920,429.080,412.760,410.540,"INEOS",""
91980,GLICOLES,3000.000,3000.000,3000.000,3000.000,01/03/2024,100.400,26.060,229.120,,"BASF INEOS",""
92008,ESTIRENO,500.000,600.000,600.000,,01/03/2024,,,,,"Todos","ya no esta en el negocio de estireno"
92016,GLICOLES,273.120,392.380,342.220,700.000,01/03/2024,273.120,392.380,342.220,343.820,"",""
92018,GLICOLES,50.000,100.000,100.000,100.000,01/03/2024,,17.600,,,"",""
92037,GLICOLES,100.000,50.000,50.000,100.000,01/03/2024,47.760,,23.920,,"Shell",""
92040,POLIOLES,200.000,100.000,100.000,100.000,01/03/2024,38.880,22.760,19.720,79.280,"Basf, Covestro",""
92045,POLIOLES,800.000,860.000,799.800,719.820,01/03/2024,181.900,58.480,,49.040,"Chimcomplex",""
92070,POLIOLES,1500.000,2000.000,2200.000,2200.000,01/03/2024,59.320,,166.820,23.820,"DOW, BASF, SHELL COVESTRO",""
92077,POLIOLES,300.000,300.000,300.000,300.000,01/03/2024,40.000,45.000,10.000,30.000,"BASF",""
92080,POLIOLES,600.000,350.000,,,01/03/2024,39.900,,,,"BASF",""
92089,GLICOLES,250.000,250.000,24.180,150.000,01/03/2024,97.520,,24.180,,"Todos",""
92092,POLIOLES,8000.000,6670.000,6600.000,4500.000,01/03/2024,220.520,1068.080,1271.780,808.080,"covestro, Dow, BASF",""
92112,GLICOLES,49.000,24.280,1272.000,,01/03/2024,49.020,24.280,,,"Brenntag",""
92133,POLIOLES,,90.320,,1600.000,01/03/2024,,90.320,,,"",""
92146,POLIOLES,700.000,1000.000,1000.000,1000.000,01/03/2024,239.100,505.080,214.720,,"DOW",""
92150,POLIOLES,1000.000,1000.000,800.000,700.000,01/03/2024,238.460,310.980,285.820,239.540,"ROKITA, CHIMCOMPLEX,SHELL",""
92156,POLIOLES,50.000,50.000,50.000,4200.000,01/03/2024,,2.000,3.440,13.960,"covestro",""
92162,POLIOLES,1375.000,400.000,150.000,150.000,01/03/2024,417.000,,36.000,87.000,"Sadara",""
92169,POLIOLES,,,39.800,600.000,01/03/2024,,,39.800,164.460,"",""
92170,POLIOLES,900.000,900.000,900.000,900.000,01/03/2024,45.920,46.180,22.960,46.320,"",""
92182,POLIOLES,450.000,250.000,250.000,250.000,01/03/2024,96.800,150.400,179.000,228.000,"Wanhua",""
92189,GLICOLES,6500.000,7000.000,7000.000,6500.000,01/03/2024,3390.400,2442.320,2983.580,1693.800,"DOW INEOS ",""
92195,GLICOLES,124.000,122.000,122.000,111.820,01/03/2024,123.680,121.820,97.900,111.820,"Brenntag",""
92210,ESTIRENO,900.000,750.000,750.000,500.000,01/03/2024,,,271.140,224.660,"Helm",""
92221,POLIOLES,13000.000,13000.000,11500.000,10000.000,01/03/2024,44.160,,,,"DOW, BASF, SHELL, COVESTRO",""
92223,POLIOLES,135.640,179.600,,,01/03/2024,135.640,179.600,,,"DOW, BASF, SHELL, COVESTRO","ver GLOBE CHEMICAL Mexico"
92227,GLICOLES,500.000,500.000,,,01/03/2024,80.020,,,,"",""
92227_01MA,POLIOLES,1500.000,1500.000,,1000.000,01/03/2024,146.000,,,,"Lyondell ",""
92227,POLIOLES,500.000,500.000,600.000,30.000,01/03/2024,15.000,15.000,30.000,30.000,"",""
92229,GLICOLES,13.000,18.260,18.000,6.820,01/03/2024,12.540,18.260,6.600,6.820,"",""
92233,GLICOLES,400.000,1000.000,2400.000,2500.000,01/03/2024,310.260,747.840,1860.620,1291.560,"Ineos",""
92234,GLICOLES,2000.000,2000.000,2000.000,1500.000,01/03/2024,430.340,119.500,,95.360,"INEOS, LYONDELL",""
92252,POLIOLES,1.000,98.940,0.978,0.880,01/03/2024,,98.940,,,"Repsol unico suministrador",""
92255SON,ESTIRENO,3838.000,3828.580,3031.000,3500.000,01/03/2024,3838.320,3828.580,3030.820,2949.040,"",""
92255_00FI,ESTIRENO,,,1418.880,6000.000,01/03/2024,,,1418.880,2476.640,"",""
92273,ESTIRENO,450.000,450.000,400.000,400.000,01/03/2024,235.700,313.700,205.460,116.900,"",""
92309,POLIOLES,250.000,200.000,200.000,200.000,01/03/2024,,4.400,5.280,10.560,"Dow",""
92312,POLIOLES,143.480,,,3000.000,01/03/2024,143.480,,,,"",""
92319,POLIOLES,1300.000,1150.000,,1000.000,01/03/2024,930.320,148.260,,,"","ya no es parte del grupo TREVES- son independientes. Debe ser como cuenta 13442"
92324,POLIOLES,14.000,14.000,14.000,5.280,01/03/2024,,,0.880,5.280,"Dow",""
92326,POLIOLES,15.000,10.000,10.000,5.000,01/03/2024,,3.960,2.420,5.280,"Dow",""
92336,POLIOLES,100.000,100.000,100.000,50.000,01/03/2024,22.000,22.000,22.000,,"Oltchim",""
92348,POLIOLES,2600.000,3600.000,2500.000,2000.000,01/03/2024,,114.180,260.520,,"Jahua, hunstman",""
92352,POLIOLES,230.000,247.250,229.943,206.948,01/03/2024,39.700,20.020,48.660,24.200,"Repsol unico suministrador ahsta 2019",""
92357_00DU,GLICOLES,,,10.000,9000.000,01/03/2024,,,10.000,,"",""
92357_04MO,GLICOLES,,,29.680,1000.000,01/03/2024,,,29.680,,"",""
92374,POLIOLES,2.000,,,,01/03/2024,1.760,,,,"",""
92385,GLICOLES,106.000,106.000,100.000,150.000,01/03/2024,105.600,105.600,35.200,,"DOW, LYONDELL",""
92389,POLIOLES,150000.000,130000.000,120000.000,110000.000,01/03/2024,198.480,157.180,44.660,,"","mercado total Brasil"
92391,POLIOLES,750.000,750.000,650.000,600.000,01/03/2024,44.200,,,,"DOW, BASF, SHELL, COVESTRO",""
92393,POLIOLES,500.000,500.000,500.000,500.000,01/03/2024,44.120,,89.420,,"",""
92403,POLIOLES,500.000,900.000,900.000,450.000,01/03/2024,325.540,512.480,487.560,315.540,"Shell,Dow",""
92421,GLICOLES,300.000,300.000,300.000,300.000,01/03/2024,145.780,23.980,,99.080,"Todos",""
92422,GLICOLES,500.000,500.000,500.000,500.000,01/03/2024,244.660,246.320,,24.660,"INEOS",""
92423,GLICOLES,200.000,100.000,100.000,100.000,01/03/2024,68.020,87.860,68.400,65.360,"llyondell",""
92426,ESTIRENO,3100.000,3224.000,2933.840,2552.441,01/03/2024,1522.700,1639.700,1098.600,1236.500,"Versalis",""
92426,GLICOLES,1400.000,1428.000,1370.880,1357.171,01/03/2024,539.020,505.080,594.580,426.960,"Dow, Ineos",""
92431,POLIOLES,400.000,430.000,399.900,456.100,01/03/2024,1.000,190.460,360.800,456.100,"Dow",""
92438,POLIOLES,2000.000,2000.000,2000.000,2000.000,01/03/2024,25.500,120.240,168.680,24.460,"",""
92443,GLICOLES,4000.000,5000.000,6000.000,5000.000,01/03/2024,322.380,,,,"Todos",""
92450,ESTIRENO,2200.000,2200.000,2200.000,2200.000,01/03/2024,,297.620,124.460,,"",""
92457,POLIOLES,2600.000,2600.000,2600.000,2600.000,01/03/2024,26.840,17.820,,,"Huntsman",""
92461,10HA,GLICOLES,24.000,,47.000,143.860,01/03/2024,,,,143.860,"",""
92461,03MO,GLICOLES,1200.000,1200.000,1200.000,1200.000,01/03/2024,23.900,20.900,46.740,52.440,"",""
92461,ESTIRENO,,23.700,,1200.000,01/03/2024,,23.700,,,"",""
92461,GLICOLES,3500.000,4000.000,4000.000,4000.000,01/03/2024,953.240,1795.680,1822.960,1416.160,"Ineos",""
92465,ESTIRENO,25000.000,44000.000,50000.000,30000.000,01/03/2024,12498.944,17999.011,22698.690,17499.104,"",""
92466,GLICOLES,800.000,800.000,248.000,600.000,01/03/2024,600.560,430.580,247.960,301.280,"",""
92469,GLICOLES,200.000,200.000,,200.000,01/03/2024,48.100,52.560,,,"",""
92472,GLICOLES,500.000,500.000,20.000,,01/03/2024,299.260,139.300,19.920,,"Todos",""
92480,GLICOLES,8000.000,8800.000,8800.000,8000.000,01/03/2024,,,4.000,2.000,"Dow",""
92481,GLICOLES,7000.000,7700.000,33000.000,36000.000,01/03/2024,,24.000,,,"Dow",""
92484,GLICOLES,30.000,30.000,30.000,26.400,01/03/2024,17.600,26.400,26.400,26.400,"",""
92487,GLICOLES,200.000,200.000,200.000,150.000,01/03/2024,68.640,131.880,137.280,18.840,"",""
92494,GLICOLES,300.000,350.000,350.000,350.000,01/03/2024,192.980,130.540,236.420,128.240,"DOW INEOS Lyondell",""
92496,GLICOLES,3000.000,3000.000,3000.000,3000.000,01/03/2024,21.960,21.760,,,"BASF INEOS",""
92507,POLIOLES,89000.000,97900.000,,,01/03/2024,40.020,,,,"",""
92509,GLICOLES,1000.000,1000.000,800.000,800.000,01/03/2024,288.220,171.460,72.340,74.180,"BASF INEOS",""
92518,POLIOLES,1000.000,1000.000,1000.000,1000.000,01/03/2024,140.000,384.000,196.000,288.000,"",""
92522,GLICOLES,35.000,35.000,35.000,,01/03/2024,,,,,"",""
92527,POLIOLES,3000.000,3000.000,3500.000,3500.000,01/03/2024,888.020,962.400,922.860,975.480,"",""
92528SH,GLICOLES,152.740,,44.000,250.000,01/03/2024,152.740,,43.980,,"",""
92528,GLICOLES,,22.000,,,01/03/2024,,21.960,,,"",""
92528KAO,GLICOLES,66.000,,,,01/03/2024,65.800,,,,"",""
92529,POLIOLES,1000.000,1700.000,600.000,750.000,01/03/2024,169.460,238.440,262.800,165.320,"Huntsman",""
92554,ESTIRENO,10000.000,35000.000,35000.000,,01/03/2024,,,,,"Sabic",""
92560,ESTIRENO,1300.000,3000.000,3000.000,1200.000,01/03/2024,,,,,"Sabic",""
92561,ESTIRENO,311.000,300.000,200.000,,01/03/2024,310.920,,,,"",""
92561,GLICOLES,289.000,134.200,100.000,250.000,01/03/2024,289.000,134.200,,,"",""
92573,GLICOLES,600.000,500.000,500.000,500.000,01/03/2024,417.660,344.680,405.280,197.520,"DOW INEOS BASF",""
